<?xml version="1.0" encoding="UTF-8"?>
<extension type="package" method="upgrade">
	<name>German (Germany) Language Pack</name>
	<packagename>de-DE</packagename>
	<version>4.3.4.1</version>
	<creationDate>2023-08-22</creationDate>
	<author>J!German</author>
	<authorEmail>team@jgerman.de</authorEmail>
	<authorUrl>https://www.jgerman.de</authorUrl>
	<copyright>(C) 2008 - 2023 J!German. All rights reserved.</copyright>
	<license>GNU General Public License version 2 or later; see LICENSE.txt</license>
	<url>https://www.jgerman.de</url>
	<packager>J!German</packager>
	<packagerurl>https://www.jgerman.de</packagerurl>
	<description><![CDATA[
	<h2>Deutsches Sprachpaket (Version: 4.3.4.1 vom 22.08.2023) für Joomla! 4.3 von <a title="J!German" href="https://www.jgerman.de" target="_blank" rel="noopener noreferrer">J!German</a></h2>
	<hr />
	<p><span style="text-decoration: underline;">Neuinstallation:</span><br />Die deutsche Sprache kann unter <a title="Language(s)" href="index.php?option=com_languages" target="_blank">„Extensions“ &rarr; „Language(s)“</a> als Standardsprache (Default), sowohl für die Website „Installed (Site)“ als auch für die Administration „Installed (Administrator)“, festgelegt werden.</p>
	<p><span style="text-decoration: underline;">Aktualisierung:</span><br />Es sind keine weiteren Schritte erforderlich.</p>
	<p><span style="text-decoration: underline;">Fehler:</span><br />Übersetzungsfehler, Tippfehler oder Anregungen können gerne auf GitHub im <a href="https://github.com/joomlagerman/joomla" target="_blank" title="https://github.com/joomlagerman/joomla">joomlagerman/joomla</a> Repository gemeldet werden.</p>
	<p><span style="text-decoration: underline;">Hinweis:</span><br />Dieses Paket unterstützt die Joomla! eigene <a title="Joomla-Aktualisierungsfunktion" href="index.php?option=com_installer&amp;view=update" target="_blank">Aktualisierungsfunktion</a>.</p>
	]]>
	</description>
	<blockChildUninstall>true</blockChildUninstall>
	<scriptfile>script.php</scriptfile>
	<files>
		<file type="language" client="site" id="de-DE">site_de-DE.zip</file>
		<file type="language" client="administrator" id="de-DE">admin_de-DE.zip</file>
		<file type="language" client="api" id="de-DE">api_de-DE.zip</file>
	</files>
	<updateservers>
		<server type="collection" priority="1" name="Accredited Joomla! Translations">https://update.joomla.org/language/translationlist_4.xml</server>
	</updateservers>
</extension>
